,k0_nullity,k0_low_lying_density,k0_trace,k0_spectral_moment_2,k0_quasi_wiener_index,k0_spanning_tree_number,k1_nullity,k1_low_lying_density,k1_trace,k1_spectral_moment_2,k1_quasi_wiener_index,k1_spanning_tree_number,k2_nullity,k2_low_lying_density,k2_trace,k2_spectral_moment_2,k2_quasi_wiener_index,k2_spanning_tree_number
avg_degree,-0.5235029400009062,-0.7140897206259531,0.9919634145627721,0.9684841625021412,-0.6231117482630729,0.9574648141255973,-0.2831918371570695,0.1540467194583777,0.948188575472215,0.9160622012292119,0.0794302344261643,0.9219422518333504,0.7817044082328582,0.8521198239208997,0.9155326367709014,0.8567480617964354,0.7806383301350692,0.9049326380986756
avg_betweenness_centrality,-0.019385205617469422,0.41522383378531574,-0.6727205845429738,-0.631969143403321,0.775545659741252,-0.6943555413807504,0.08532939251489997,-0.25796416969265223,-0.5993544560729175,-0.5653585086144955,-0.07496398908003503,-0.5723616548646316,-0.4329330501319889,-0.4978325469407947,-0.5639782410235473,-0.5033634864157377,-0.5151351647811413,-0.5865101437622773
diameter,0.388977803805493,0.7423715519879241,-0.7461278053538362,-0.6695313490167513,0.8665378209182513,-0.8162320216456133,-0.03680863816230016,-0.39543141192712034,-0.6317283898413675,-0.5859843464914838,-0.07844386846597942,-0.60774872664609,-0.43269833700568794,-0.5021313963792481,-0.5824882877067709,-0.5119369733205664,-0.5037227175487288,-0.5792224578325853
girth,0.2060881396228621,0.2698724182561625,-0.1387101753325963,-0.10810222666537352,0.24802959439363984,-0.1874139313206719,-0.0888196289562097,-0.13118872347925037,-0.09951467369284758,-0.0873952606147601,-0.011782944712392879,-0.10126556507500352,-0.05603188097153108,-0.06751485427570532,-0.08519323151344708,-0.07059613165211755,-0.07231432862954308,
